{
  "model": "DenseNet121 + independent CORAL projections (v5)",
  "changes_vs_v4": [
    "independent per-threshold Linear projections (losses_v5/models_v5)",
    "alpha computed on original imbalanced labels (not balanced)",
    "ordinal consistency regularization lambda_ord=0.1",
    "denseblock1 frozen ONLY (denseblock2/3 unfrozen)"
  ],
  "best_epoch": 17,
  "best_qwk": 0.8822873840098044,
  "ensemble_qwk": 0.8901357418883958,
  "coral_biases": [
    1.2637,
    0.4446,
    -0.4517,
    -1.3559
  ],
  "coral_monotonic": true,
  "alpha_weights": [
    0.7426,
    0.8038,
    0.971,
    1.0
  ],
  "best_val_loss": 0.04316826223436257,
  "best_val_acc": 76.39836289222374,
  "total_params": 6957956,
  "trainable_params": 6622916,
  "config": {
    "model_name": "densenet121_coral_v5",
    "num_classes": 5,
    "input_size": 224,
    "batch_size": 16,
    "num_epochs": 30,
    "learning_rate": 0.0003,
    "weight_decay": 0.001,
    "device": "cuda",
    "data_dir": "./data/raw",
    "output_dir": "results\\exp_v5",
    "resume_from_checkpoint": false,
    "preprocessing_method": "hybrid",
    "gamma": 2.0,
    "lambda_ord": 0.1,
    "pretrained": true,
    "cache_dir": "data\\processed\\hybrid_224",
    "grad_clip": 1.0,
    "top_k_checkpoints": 3,
    "tta": true,
    "target_per_class": 800
  },
  "per_class_metrics": {
    "0": {
      "precision": 0.9911764705882353,
      "recall": 0.9335180055401662,
      "f1-score": 0.9614835948644793
    },
    "1": {
      "precision": 0.456,
      "recall": 0.7702702702702703,
      "f1-score": 0.5728643216080402
    },
    "2": {
      "precision": 0.7716049382716049,
      "recall": 0.625,
      "f1-score": 0.6906077348066298
    },
    "3": {
      "precision": 0.33766233766233766,
      "recall": 0.6666666666666666,
      "f1-score": 0.4482758620689655
    },
    "4": {
      "precision": 0.7931034482758621,
      "recall": 0.3898305084745763,
      "f1-score": 0.5227272727272727
    }
  }
}