{"train_loss": [0.15072380585931472, 0.08552520340366393, 0.0684196870276554, 0.06357422252966566, 0.060343215068489865, 0.06121280192981781, 0.058909373224845955, 0.0587483591382733, 0.05863302596121656, 0.057798288675800245, 0.05542785674912033, 0.05363615260962744, 0.05400156901906366, 0.05297252790342947, 0.050600910674988855, 0.049346222721549295, 0.04669593028747332, 0.04654919116046303, 0.04552443661894765, 0.04428926976224095, 0.04338128571485325, 0.041042326585106224, 0.04137241725827226, 0.03947683835043485], "train_acc": [40.79331129690842, 57.47618121718841, 59.96500097219522, 63.056581761617736, 65.02041609955279, 64.33987944779312, 64.70931363017694, 64.90375267353684, 65.89539179467236, 65.85650398600039, 66.55648454209606, 67.41201633287965, 68.22866031499125, 67.93700174995139, 69.33696286214271, 69.9980556095664, 71.78689480847754, 71.06747034804589, 72.0979972778534, 72.89519735562901, 73.80906085942057, 74.89791950223605, 75.17013416293992, 75.77289519735562], "val_loss": [0.0769324324944097, 0.05848486932075542, 0.057634660265529936, 0.051097680166687656, 0.057456752811761005, 0.04440189132709866, 0.051805563878429974, 0.050239992489957294, 0.04364849143135159, 0.04326829462028716, 0.0587087363085669, 0.0413300019648412, 0.04185144034335795, 0.05031678789173779, 0.04079497818146711, 0.04527357182182048, 0.04513585111936149, 0.04611228533979991, 0.042100804837663534, 0.043946510039107954, 0.04486272178347344, 0.04553333605113237, 0.04415493891776904, 0.0468265138283048], "val_acc": [68.21282401091405, 62.755798090040926, 72.3055934515689, 69.16780354706685, 75.17053206002728, 73.26057298772169, 72.44201909959072, 73.39699863574351, 75.03410641200546, 75.17053206002728, 72.16916780354707, 76.53478854024557, 77.62619372442019, 75.44338335607094, 76.6712141882674, 75.7162346521146, 75.57980900409277, 78.1718963165075, 79.39972714870396, 78.30832196452933, 76.94406548431105, 77.48976807639836, 78.58117326057298, 76.53478854024557], "val_qwk": [0.7661460427819162, 0.8304528586791738, 0.784525544650841, 0.8501067288699982, 0.8173052833603293, 0.8702167638645614, 0.8623022855302644, 0.835585820349042, 0.8452757424832233, 0.8698552871569818, 0.7789705242050395, 0.8745732259321393, 0.8586837165846604, 0.8309081457387275, 0.875380468064564, 0.8619681542830712, 0.8554477797116761, 0.8526574816733161, 0.8716030337631738, 0.8607062043474327, 0.865415940869074, 0.857428584011039, 0.8727104768008708, 0.8551519178611322]}